id,title,link,characters
1,demades and the athenians,http://mythfolklore.net/aesopica/oxford/1.htm,"['demades', 'athenian']"
2,demosthenes and the athenians,http://mythfolklore.net/aesopica/oxford/2.htm,"['demosthenes', 'athenian']"
3,"the wolf, the dog and the collar",http://mythfolklore.net/aesopica/oxford/3.htm,"['wolf', 'dog', 'collar']"
4,"the onager, the donkey and the driver",http://mythfolklore.net/aesopica/oxford/4.htm,"['onager', 'donkey', 'driver']"
5,"the donkey, the onager and the lion",http://mythfolklore.net/aesopica/oxford/5.htm,"['donkey', 'onager', 'lion']"
6,"the donkey, the priests and the tambourines",http://mythfolklore.net/aesopica/oxford/6.htm,"['donkey', 'priest', 'tambourine']"
7,aesop and the runaway slave,http://mythfolklore.net/aesopica/oxford/7.htm,"['aesop', 'runaway', 'slave']"
8,the jackdaw and the string,http://mythfolklore.net/aesopica/oxford/8.htm,"['jackdaw', 'string']"
9,"the butcher, the shepherd and the lamb",http://mythfolklore.net/aesopica/oxford/9.htm,"['butcher', 'man', 'lamb']"
10,the donkey and his masters,http://mythfolklore.net/aesopica/oxford/10.htm,"['donkey', 'master']"
11,"the old man, the donkey and the pack saddles",http://mythfolklore.net/aesopica/oxford/11.htm,"['man', 'donkey', 'pack', 'saddle']"
12,the frogs and the battle of the bulls,http://mythfolklore.net/aesopica/oxford/12.htm,"['frog', 'battle', 'bull']"
13,the lion and the fawn,http://mythfolklore.net/aesopica/oxford/13.htm,"['lion', 'fawn']"
14,"the lion, the cow, the she-goat and the sheep",http://mythfolklore.net/aesopica/oxford/14.htm,"['lion', 'cow', 'she-goat', 'sheep']"
15,"the wolf, the fox and the lion dividing the 
      spoils",http://mythfolklore.net/aesopica/oxford/15.htm,"['wolf', 'fox', 'lion', 'dividing', 'spoil']"
16,the monkey and the lion’s breath,http://mythfolklore.net/aesopica/oxford/16.htm,"['monkey', 'lion', 'breath']"
17,"the wolf, the fox and the ailing lion",http://mythfolklore.net/aesopica/oxford/17.htm,"['wolf', 'fox', 'ailing', 'lion']"
18,"the fox, the lion and the footprints",http://mythfolklore.net/aesopica/oxford/18.htm,"['fox', 'lion', 'footprint']"
19,"the lion, the fox and the monkey serving 
      dinner",http://mythfolklore.net/aesopica/oxford/19.htm,"['lion', 'fox', 'monkey', 'serving', 'dinner']"
20,the hare and the lion’s justice,http://mythfolklore.net/aesopica/oxford/20.htm,"['hare', 'lion', 'justice']"
21,the lions and the hares,http://mythfolklore.net/aesopica/oxford/21.htm,"['lion', 'hare']"
22,the peacock elected king of the birds,http://mythfolklore.net/aesopica/oxford/22.htm,"['peacock', 'elected', 'king', 'bird']"
23,the camel and the elephant,http://mythfolklore.net/aesopica/oxford/23.htm,"['camel', 'elephant']"
24,the monkey elected king of the animals,http://mythfolklore.net/aesopica/oxford/24.htm,"['monkey', 'elected', 'king', 'animal']"
25,the doves and the kite,http://mythfolklore.net/aesopica/oxford/25.htm,"['dove', 'kite']"
26,the trees elect a king,http://mythfolklore.net/aesopica/oxford/26.htm,"['tree', 'elect', 'king']"
27,jupiter and the frogs,http://mythfolklore.net/aesopica/oxford/27.htm,"['jupiter', 'frog']"
28,the monk and the abbots,http://mythfolklore.net/aesopica/oxford/28.htm,"['monk', 'abbot']"
29,"the hedgehog, the fox and the ticks",http://mythfolklore.net/aesopica/oxford/29.htm,"['hedgehog', 'fox', 'tick']"
30,the wolves and the dogs,http://mythfolklore.net/aesopica/oxford/30.htm,"['wolf', 'dog']"
31,"the wolves, the sheep and the ram",http://mythfolklore.net/aesopica/oxford/31.htm,"['wolf', 'sheep', 'ram']"
32,"the wolves, the sheep and the dogs",http://mythfolklore.net/aesopica/oxford/32.htm,"['wolf', 'sheep', 'dog']"
33,the sheep and the injured wolf,http://mythfolklore.net/aesopica/oxford/33.htm,"['sheep', 'injured', 'wolf']"
34,the shepherd and the wolf cubs,http://mythfolklore.net/aesopica/oxford/34.htm,"['man', 'wolf', 'cub']"
35,the shepherd and the wolf cub,http://mythfolklore.net/aesopica/oxford/35.htm,"['man', 'wolf', 'cub']"
36,"the shepherd, the wolf cub and the wolf",http://mythfolklore.net/aesopica/oxford/36.htm,"['man', 'wolf', 'cub', 'wolf']"
37,the blind man and the cub,http://mythfolklore.net/aesopica/oxford/37.htm,"['blind', 'man', 'cub']"
38,the wolf and the shepherd,http://mythfolklore.net/aesopica/oxford/38.htm,"['wolf', 'man']"
39,"the man, the wolf and the dog",http://mythfolklore.net/aesopica/oxford/39.htm,"['man', 'wolf', 'dog']"
40,zeus and the oak trees,http://mythfolklore.net/aesopica/oxford/40.htm,"['zeus', 'oak', 'tree']"
41,the ax and the trees,http://mythfolklore.net/aesopica/oxford/41.htm,"['ax', 'tree']"
42,the pine tree and the wedges,http://mythfolklore.net/aesopica/oxford/42.htm,"['pine', 'tree', 'wedge']"
43,the eagle and the arrow,http://mythfolklore.net/aesopica/oxford/43.htm,"['eagle', 'arrow']"
44,the decoys and the doves,http://mythfolklore.net/aesopica/oxford/44.htm,"['decoy', 'dove']"
45,the bird catcher and the partridge,http://mythfolklore.net/aesopica/oxford/45.htm,"['bird', 'catcher', 'partridge']"
46,the wolf and the crane,http://mythfolklore.net/aesopica/oxford/46.htm,"['wolf', 'crane']"
47,"the stag, the horse and the man",http://mythfolklore.net/aesopica/oxford/47.htm,"['stag', 'horse', 'man']"
48,the stork and the cranes,http://mythfolklore.net/aesopica/oxford/48.htm,"['stork', 'crane']"
49,the swans and the geese,http://mythfolklore.net/aesopica/oxford/49.htm,"['swan', 'goose']"
50,the eagle and the lion as partners,http://mythfolklore.net/aesopica/oxford/50.htm,"['eagle', 'lion', 'partner']"
51,the hares and the foxes,http://mythfolklore.net/aesopica/oxford/51.htm,"['hare', 'fox']"
52,the two pots,http://mythfolklore.net/aesopica/oxford/52.htm,['pot']
53,the goose and the stork,http://mythfolklore.net/aesopica/oxford/53.htm,"['goose', 'stork']"
54,"the water-snake, the viper and the frogs",http://mythfolklore.net/aesopica/oxford/54.htm,"['water-snake', 'viper', 'frog']"
55,the dolphin and the lion,http://mythfolklore.net/aesopica/oxford/55.htm,"['dolphin', 'lion']"
56,"the bear, the lion and the fox go hunting",http://mythfolklore.net/aesopica/oxford/56.htm,"['bear', 'lion', 'fox', 'hunting']"
57,the eagle and the kite,http://mythfolklore.net/aesopica/oxford/57.htm,"['eagle', 'kite']"
58,the butcher and the flock,http://mythfolklore.net/aesopica/oxford/58.htm,"['butcher', 'flock']"
59,the two bulls and the lion,http://mythfolklore.net/aesopica/oxford/59.htm,"['bull', 'lion']"
60,the dogs and their commander,http://mythfolklore.net/aesopica/oxford/60.htm,"['dog', 'commander']"
61,the lion and the boar at the spring,http://mythfolklore.net/aesopica/oxford/61.htm,"['lion', 'boar', 'spring']"
62,the lion and the bear,http://mythfolklore.net/aesopica/oxford/62.htm,"['lion', 'bear']"
63,"the snake, the weasel and the mice",http://mythfolklore.net/aesopica/oxford/63.htm,"['snake', 'weasel', 'mouse']"
64,the donkey and the mule,http://mythfolklore.net/aesopica/oxford/64.htm,"['donkey', 'mule']"
65,the donkey and the ox,http://mythfolklore.net/aesopica/oxford/65.htm,"['donkey', 'ox']"
66,the stomach and the body,http://mythfolklore.net/aesopica/oxford/66.htm,"['stomach', 'body']"
67,"the sheep, the shepherd and the dog",http://mythfolklore.net/aesopica/oxford/67.htm,"['sheep', 'man', 'dog']"
68,the house dog and the watch dog,http://mythfolklore.net/aesopica/oxford/68.htm,"['house', 'dog', 'watch', 'dog']"
69,the shepherd and the lion,http://mythfolklore.net/aesopica/oxford/69.htm,"['man', 'lion']"
70,the lion and the mouse,http://mythfolklore.net/aesopica/oxford/70.htm,"['lion', 'mouse']"
71,"the ant, the pigeon and the bird catcher",http://mythfolklore.net/aesopica/oxford/71.htm,"['ant', 'pigeon', 'bird', 'catcher']"
72,"the snake, the eagle and the farmer",http://mythfolklore.net/aesopica/oxford/72.htm,"['snake', 'eagle', 'man']"
73,the eagle and the farmer,http://mythfolklore.net/aesopica/oxford/73.htm,"['eagle', 'man']"
74,the snake and the farmer,http://mythfolklore.net/aesopica/oxford/74.htm,"['snake', 'man']"
75,the snake and the farmer,http://mythfolklore.net/aesopica/oxford/75.htm,"['snake', 'man']"
76,the panther and the people,http://mythfolklore.net/aesopica/oxford/76.htm,"['panther', 'people']"
77,the dog and the gardener,http://mythfolklore.net/aesopica/oxford/77.htm,"['dog', 'gardener']"
78,"the sheep, the shepherd and his cloak",http://mythfolklore.net/aesopica/oxford/78.htm,"['sheep', 'man', 'cloak']"
79,the bees and the beekeeper,http://mythfolklore.net/aesopica/oxford/79.htm,"['bee', 'beekeeper']"
80,the deer and the vine,http://mythfolklore.net/aesopica/oxford/80.htm,"['deer', 'vine']"
81,the nut tree and the people,http://mythfolklore.net/aesopica/oxford/81.htm,"['nut', 'tree', 'people']"
82,the travellers and the plane tree,http://mythfolklore.net/aesopica/oxford/82.htm,"['traveller', 'plane', 'tree']"
83,"the two men, the eagle and the fox",http://mythfolklore.net/aesopica/oxford/83.htm,"['men', 'eagle', 'fox']"
84,"the man, the mare and the foal",http://mythfolklore.net/aesopica/oxford/84.htm,"['man', 'mare', 'foal']"
85,diogenes and the ferryman,http://mythfolklore.net/aesopica/oxford/85.htm,"['diogenes', 'ferryman']"
86,"the wolf, the fox and the gift",http://mythfolklore.net/aesopica/oxford/86.htm,"['wolf', 'fox', 'gift']"
87,the bird catcher and the lark,http://mythfolklore.net/aesopica/oxford/87.htm,"['bird', 'catcher', 'lark']"
88,the dog catcher and the dog,http://mythfolklore.net/aesopica/oxford/88.htm,"['dog', 'catcher', 'dog']"
89,"the birds, the peacock and his feathers",http://mythfolklore.net/aesopica/oxford/89.htm,"['bird', 'peacock', 'feather']"
90,the deer and her friends,http://mythfolklore.net/aesopica/oxford/90.htm,"['deer', 'friend']"
91,the two friends and the bear,http://mythfolklore.net/aesopica/oxford/91.htm,"['friend', 'bear']"
92,the two soldiers and the robber,http://mythfolklore.net/aesopica/oxford/92.htm,"['soldier', 'robber']"
93,the travellers and the ax,http://mythfolklore.net/aesopica/oxford/93.htm,"['traveller', 'ax']"
94,socrates and his friends,http://mythfolklore.net/aesopica/oxford/94.htm,"['socrates', 'friend']"
95,the cat and the birds,http://mythfolklore.net/aesopica/oxford/95.htm,"['cat', 'bird']"
96,the raven and the birds,http://mythfolklore.net/aesopica/oxford/96.htm,"['raven', 'bird']"
97,the cricket and the owl,http://mythfolklore.net/aesopica/oxford/97.htm,"['cricket', 'owl']"
98,"the night-owl, the cat and the mouse",http://mythfolklore.net/aesopica/oxford/98.htm,"['night-owl', 'cat', 'mouse']"
99,"the bull, the lion and the dinner invitation",http://mythfolklore.net/aesopica/oxford/99.htm,"['bull', 'lion', 'dinner', 'invitation']"
100,the wolf and the goat on the cliff,http://mythfolklore.net/aesopica/oxford/100.htm,"['wolf', 'goat', 'cliff']"
101,the fox and the ground-bird,http://mythfolklore.net/aesopica/oxford/101.htm,"['fox', 'ground-bird']"
102,the dogs and the crocodiles,http://mythfolklore.net/aesopica/oxford/102.htm,"['dog', 'crocodile']"
103,the wolf and the sheep in the sheepfold,http://mythfolklore.net/aesopica/oxford/103.htm,"['wolf', 'sheep', 'sheepfold']"
104,the fox and the raven,http://mythfolklore.net/aesopica/oxford/104.htm,"['fox', 'raven']"
105,the cat and the stork,http://mythfolklore.net/aesopica/oxford/105.htm,"['cat', 'stork']"
106,"the lion, the bull and his horns",http://mythfolklore.net/aesopica/oxford/106.htm,"['lion', 'bull', 'horn']"
107,the cicada and the fox,http://mythfolklore.net/aesopica/oxford/107.htm,"['cicada', 'fox']"
108,the monkeys and the two men,http://mythfolklore.net/aesopica/oxford/108.htm,"['monkey', 'men']"
109,"the wolf, the fox and three true things",http://mythfolklore.net/aesopica/oxford/109.htm,"['wolf', 'fox', 'three', 'true', 'thing']"
110,the lion and the unicorn,http://mythfolklore.net/aesopica/oxford/110.htm,"['lion', 'unicorn']"
111,the eagle and the crow,http://mythfolklore.net/aesopica/oxford/111.htm,"['eagle', 'crow']"
112,the eagle and the crow,http://mythfolklore.net/aesopica/oxford/112.htm,"['eagle', 'crow']"
113,the fox and the goat in the well,http://mythfolklore.net/aesopica/oxford/113.htm,"['fox', 'goat', 'well']"
114,"the donkey, the horse and the barley",http://mythfolklore.net/aesopica/oxford/114.htm,"['donkey', 'horse', 'barley']"
115,the two dung beetles,http://mythfolklore.net/aesopica/oxford/115.htm,"['dung', 'beetle']"
116,the mother dog and her puppies,http://mythfolklore.net/aesopica/oxford/116.htm,"['mother', 'dog', 'puppy']"
117,the wolf and the sleeping dog,http://mythfolklore.net/aesopica/oxford/117.htm,"['wolf', 'sleeping', 'dog']"
118,"the cat, the mouse and the oath",http://mythfolklore.net/aesopica/oxford/118.htm,"['cat', 'mouse', 'oath']"
119,the abbot and the flea,http://mythfolklore.net/aesopica/oxford/119.htm,"['abbot', 'flea']"
120,the man and the flea,http://mythfolklore.net/aesopica/oxford/120.htm,"['man', 'flea']"
121,the soldier and the trumpet,http://mythfolklore.net/aesopica/oxford/121.htm,"['soldier', 'trumpet']"
122,the rooster and the thieves,http://mythfolklore.net/aesopica/oxford/122.htm,"['rooster', 'thief']"
123,"the bird catcher, the partridge and the 
      rooster",http://mythfolklore.net/aesopica/oxford/123.htm,"['bird', 'catcher', 'partridge', 'rooster']"
124,"the farmer, the wasps and the partridges",http://mythfolklore.net/aesopica/oxford/124.htm,"['man', 'wasp', 'partridge']"
125,the ant and the dung beetle,http://mythfolklore.net/aesopica/oxford/125.htm,"['ant', 'dung', 'beetle']"
126,the ant and the cricket,http://mythfolklore.net/aesopica/oxford/126.htm,"['ant', 'cricket']"
127,the ants and the pigs,http://mythfolklore.net/aesopica/oxford/127.htm,"['ant', 'pig']"
128,"the eagle, the sow and the cat",http://mythfolklore.net/aesopica/oxford/128.htm,"['eagle', 'sow', 'cat']"
129,the cat and the rooster,http://mythfolklore.net/aesopica/oxford/129.htm,"['cat', 'rooster']"
130,the wolf and the lamb,http://mythfolklore.net/aesopica/oxford/130.htm,"['wolf', 'lamb']"
131,the hawk and the nightingale,http://mythfolklore.net/aesopica/oxford/131.htm,"['hawk', 'nightingale']"
132,the bullock and the farmer,http://mythfolklore.net/aesopica/oxford/132.htm,"['bullock', 'man']"
133,the sheep and the crow,http://mythfolklore.net/aesopica/oxford/133.htm,"['sheep', 'crow']"
134,the partridge and the roosters,http://mythfolklore.net/aesopica/oxford/134.htm,"['partridge', 'rooster']"
135,zeus and the snake,http://mythfolklore.net/aesopica/oxford/135.htm,"['zeus', 'snake']"
136,the man and his daughter,http://mythfolklore.net/aesopica/oxford/136.htm,"['man', 'daughter']"
137,"the nightingale, the hawk and the bird 
      catcher",http://mythfolklore.net/aesopica/oxford/137.htm,"['nightingale', 'hawk', 'bird', 'catcher']"
138,the bird catcher and the viper,http://mythfolklore.net/aesopica/oxford/138.htm,"['bird', 'catcher', 'viper']"
139,the frog and the mouse,http://mythfolklore.net/aesopica/oxford/139.htm,"['frog', 'mouse']"
140,the frog and the mouse,http://mythfolklore.net/aesopica/oxford/140.htm,"['frog', 'mouse']"
141,the snake and the crab,http://mythfolklore.net/aesopica/oxford/141.htm,"['snake', 'crab']"
142,the hare and the sparrow,http://mythfolklore.net/aesopica/oxford/142.htm,"['hare', 'sparrow']"
143,the kite and the snake,http://mythfolklore.net/aesopica/oxford/143.htm,"['kite', 'snake']"
144,the shepherd and the honeybees,http://mythfolklore.net/aesopica/oxford/144.htm,"['man', 'honeybee']"
145,"the fox, the donkey and the lion",http://mythfolklore.net/aesopica/oxford/145.htm,"['fox', 'donkey', 'lion']"
146,"the wolf, the fox and the shepherd",http://mythfolklore.net/aesopica/oxford/146.htm,"['wolf', 'fox', 'man']"
147,the goat and the donkey,http://mythfolklore.net/aesopica/oxford/147.htm,"['goat', 'donkey']"
148,the fox and the partridge,http://mythfolklore.net/aesopica/oxford/148.htm,"['fox', 'partridge']"
149,"the fox, the rooster and the dog",http://mythfolklore.net/aesopica/oxford/149.htm,"['fox', 'rooster', 'dog']"
150,the boy and the thief,http://mythfolklore.net/aesopica/oxford/150.htm,"['boy', 'thief']"
151,the boy who cried wolf,http://mythfolklore.net/aesopica/oxford/151.htm,"['boy', 'who', 'cried', 'wolf']"
152,"the merchant, the donkey and the salt",http://mythfolklore.net/aesopica/oxford/152.htm,"['merchant', 'donkey', 'salt']"
153,the dung beetle and the eagle,http://mythfolklore.net/aesopica/oxford/153.htm,"['dung', 'beetle', 'eagle']"
154,the eagle and the fox,http://mythfolklore.net/aesopica/oxford/154.htm,"['eagle', 'fox']"
155,the eagle and the fox,http://mythfolklore.net/aesopica/oxford/155.htm,"['eagle', 'fox']"
156,the fox and the stork,http://mythfolklore.net/aesopica/oxford/156.htm,"['fox', 'stork']"
157,the goat and the vine,http://mythfolklore.net/aesopica/oxford/157.htm,"['goat', 'vine']"
158,aesop and the hooligan,http://mythfolklore.net/aesopica/oxford/158.htm,"['aesop', 'hooligan']"
159,the two enemies,http://mythfolklore.net/aesopica/oxford/159.htm,['enemy']
160,the tuna fish and the dolphin,http://mythfolklore.net/aesopica/oxford/160.htm,"['tuna', 'fish', 'dolphin']"
161,the snake and the wasp,http://mythfolklore.net/aesopica/oxford/161.htm,"['snake', 'wasp']"
162,greed and jealousy,http://mythfolklore.net/aesopica/oxford/162.htm,"['greed', 'jealousy']"
163,the dog in the manger,http://mythfolklore.net/aesopica/oxford/163.htm,"['dog', 'manger']"
164,the monkey and the fox,http://mythfolklore.net/aesopica/oxford/164.htm,"['monkey', 'fox']"
165,the lion and the two men,http://mythfolklore.net/aesopica/oxford/165.htm,"['lion', 'men']"
166,simonides and the twin gods,http://mythfolklore.net/aesopica/oxford/166.htm,"['simonides', 'twin', 'god']"
167,the murderer and the mulberry tree,http://mythfolklore.net/aesopica/oxford/167.htm,"['murderer', 'mulberry', 'tree']"
168,the murderer and the nile,http://mythfolklore.net/aesopica/oxford/168.htm,"['murderer', 'nile']"
169,the wolf and the lion,http://mythfolklore.net/aesopica/oxford/169.htm,"['wolf', 'lion']"
170,the oaths punishment,http://mythfolklore.net/aesopica/oxford/170.htm,"['oath', 'punishment']"
171,"hermes, the man and the ants",http://mythfolklore.net/aesopica/oxford/171.htm,"['hermes', 'man', 'ant']"
172,apollo and the snake,http://mythfolklore.net/aesopica/oxford/172.htm,"['apollo', 'snake']"
173,the man bitten by the dog,http://mythfolklore.net/aesopica/oxford/173.htm,"['man', 'bitten', 'dog']"
174,"the sheep, the dog and the wolf",http://mythfolklore.net/aesopica/oxford/174.htm,"['sheep', 'dog', 'wolf']"
175,"the sheep, the dog and the witnesses",http://mythfolklore.net/aesopica/oxford/175.htm,"['sheep', 'dog', 'witness']"
176,"the sheep, the stag and the wolf",http://mythfolklore.net/aesopica/oxford/176.htm,"['sheep', 'stag', 'wolf']"
177,the roosters and the hawk,http://mythfolklore.net/aesopica/oxford/177.htm,"['rooster', 'hawk']"
178,"the bees, the drones and the wasps",http://mythfolklore.net/aesopica/oxford/178.htm,"['bee', 'drone', 'wasp']"
179,"the wolf, the fox and the monkey",http://mythfolklore.net/aesopica/oxford/179.htm,"['wolf', 'fox', 'monkey']"
180,the jar goes to court,http://mythfolklore.net/aesopica/oxford/180.htm,"['jar', 'go', 'court']"
181,the swallow and the snake,http://mythfolklore.net/aesopica/oxford/181.htm,"['swallow', 'snake']"
182,zeus and apollo,http://mythfolklore.net/aesopica/oxford/182.htm,"['zeus', 'apollo']"
183,the north wind and the sun,http://mythfolklore.net/aesopica/oxford/183.htm,"['north', 'wind', 'sun']"
184,winter and spring,http://mythfolklore.net/aesopica/oxford/184.htm,"['winter', 'spring']"
185,the athenian and the theban,http://mythfolklore.net/aesopica/oxford/185.htm,"['athenian', 'theban']"
186,the lion and the man disputing,http://mythfolklore.net/aesopica/oxford/186.htm,"['lion', 'man', 'disputing']"
187,the lion and the man disputing,http://mythfolklore.net/aesopica/oxford/187.htm,"['lion', 'man', 'disputing']"
188,"the fox, the monkey and his ancestors",http://mythfolklore.net/aesopica/oxford/188.htm,"['fox', 'monkey', 'ancestor']"
189,the fox and the crocodile,http://mythfolklore.net/aesopica/oxford/189.htm,"['fox', 'crocodile']"
190,"the salt-water fish and the fresh-water 
      fish",http://mythfolklore.net/aesopica/oxford/190.htm,"['salt-water', 'fish', 'fresh-water', 'fish']"
191,the leopard and the fox,http://mythfolklore.net/aesopica/oxford/191.htm,"['leopard', 'fox']"
192,"the raven, the swallow and the seasons",http://mythfolklore.net/aesopica/oxford/192.htm,"['raven', 'swallow', 'season']"
193,the crane and the peacock,http://mythfolklore.net/aesopica/oxford/193.htm,"['crane', 'peacock']"
194,the dove and the crow,http://mythfolklore.net/aesopica/oxford/194.htm,"['dove', 'crow']"
195,the sow and the lioness,http://mythfolklore.net/aesopica/oxford/195.htm,"['sow', 'lioness']"
196,"the sow, the dog and their litters",http://mythfolklore.net/aesopica/oxford/196.htm,"['sow', 'dog', 'litter']"
197,"the dog, the sow and aphrodite",http://mythfolklore.net/aesopica/oxford/197.htm,"['dog', 'sow', 'aphrodite']"
198,the ant and the fly,http://mythfolklore.net/aesopica/oxford/198.htm,"['ant', 'fly']"
199,the wasp and the butterfly,http://mythfolklore.net/aesopica/oxford/199.htm,"['wasp', 'butterfly']"
200,the fir tree and the bramble bush,http://mythfolklore.net/aesopica/oxford/200.htm,"['fir', 'tree', 'bramble', 'bush']"
201,the trees and the bramble bush,http://mythfolklore.net/aesopica/oxford/201.htm,"['tree', 'bramble', 'bush']"
202,the oak tree and the reed,http://mythfolklore.net/aesopica/oxford/202.htm,"['oak', 'tree', 'reed']"
203,the olive tree and the fig tree,http://mythfolklore.net/aesopica/oxford/203.htm,"['olive', 'tree', 'fig', 'tree']"
204,the rose and the amaranth,http://mythfolklore.net/aesopica/oxford/204.htm,"['rose', 'amaranth']"
205,the gods and their trees,http://mythfolklore.net/aesopica/oxford/205.htm,"['god', 'tree']"
206,the boastful mule,http://mythfolklore.net/aesopica/oxford/206.htm,"['boastful', 'mule']"
207,the clay pot and the rain,http://mythfolklore.net/aesopica/oxford/207.htm,"['clay', 'pot', 'rain']"
208,the cowhide and the river,http://mythfolklore.net/aesopica/oxford/208.htm,"['cowhide', 'river']"
209,the boastful athlete,http://mythfolklore.net/aesopica/oxford/209.htm,"['boastful', 'athlete']"
210,aesop and the athlete,http://mythfolklore.net/aesopica/oxford/210.htm,"['aesop', 'athlete']"
211,the boastful lamp,http://mythfolklore.net/aesopica/oxford/211.htm,"['boastful', 'lamp']"
212,the dog and his bell,http://mythfolklore.net/aesopica/oxford/212.htm,"['dog', 'bell']"
213,the crow and the boastful swallow,http://mythfolklore.net/aesopica/oxford/213.htm,"['crow', 'boastful', 'swallow']"
214,the weasel and the partridge,http://mythfolklore.net/aesopica/oxford/214.htm,"['weasel', 'partridge']"
215,the bull and the bullock,http://mythfolklore.net/aesopica/oxford/215.htm,"['bull', 'bullock']"
216,the donkey and the wild boar,http://mythfolklore.net/aesopica/oxford/216.htm,"['donkey', 'wild', 'boar']"
217,the donkey and the lion go hunting,http://mythfolklore.net/aesopica/oxford/217.htm,"['donkey', 'lion', 'hunting']"
218,the donkey and the ox,http://mythfolklore.net/aesopica/oxford/218.htm,"['donkey', 'ox']"
219,the bull and the calf,http://mythfolklore.net/aesopica/oxford/219.htm,"['bull', 'calf']"
220,the dolphins and the whales,http://mythfolklore.net/aesopica/oxford/220.htm,"['dolphin', 'whale']"
221,the ram and the wolf,http://mythfolklore.net/aesopica/oxford/221.htm,"['ram', 'wolf']"
222,the fox and the lion in a cage,http://mythfolklore.net/aesopica/oxford/222.htm,"['fox', 'lion', 'cage']"
223,the fly and the mule,http://mythfolklore.net/aesopica/oxford/223.htm,"['fly', 'mule']"
224,the gnat and the camel,http://mythfolklore.net/aesopica/oxford/224.htm,"['gnat', 'camel']"
225,the bulls and the wagon,http://mythfolklore.net/aesopica/oxford/225.htm,"['bull', 'wagon']"
226,the flea and the ox,http://mythfolklore.net/aesopica/oxford/226.htm,"['flea', 'ox']"
227,the sailors and the stones,http://mythfolklore.net/aesopica/oxford/227.htm,"['sailor', 'stone']"
228,the dog and the lion,http://mythfolklore.net/aesopica/oxford/228.htm,"['dog', 'lion']"
229,the shepherd and the lion,http://mythfolklore.net/aesopica/oxford/229.htm,"['man', 'lion']"
230,the hunter and the lion,http://mythfolklore.net/aesopica/oxford/230.htm,"['hunter', 'lion']"
231,the dogs and the lion skin,http://mythfolklore.net/aesopica/oxford/231.htm,"['dog', 'lion', 'skin']"
232,the wolf and the dog in pursuit,http://mythfolklore.net/aesopica/oxford/232.htm,"['wolf', 'dog', 'pursuit']"
233,the bull and the goats,http://mythfolklore.net/aesopica/oxford/233.htm,"['bull', 'goat']"
234,the horse and the goats,http://mythfolklore.net/aesopica/oxford/234.htm,"['horse', 'goat']"
235,"the lion, the rooster and the donkey",http://mythfolklore.net/aesopica/oxford/235.htm,"['lion', 'rooster', 'donkey']"
236,the fox and the cat,http://mythfolklore.net/aesopica/oxford/236.htm,"['fox', 'cat']"
237,the tortoise and the hare,http://mythfolklore.net/aesopica/oxford/237.htm,"['tortoise', 'hare']"
238,the eagle and the wren,http://mythfolklore.net/aesopica/oxford/238.htm,"['eagle', 'wren']"
239,the eagle and the tortoise,http://mythfolklore.net/aesopica/oxford/239.htm,"['eagle', 'tortoise']"
240,the fisherman and the fish,http://mythfolklore.net/aesopica/oxford/240.htm,"['fisherman', 'fish']"
241,the bull and the mouse,http://mythfolklore.net/aesopica/oxford/241.htm,"['bull', 'mouse']"
242,the gnat and the bull,http://mythfolklore.net/aesopica/oxford/242.htm,"['gnat', 'bull']"
243,the gnat and the lion,http://mythfolklore.net/aesopica/oxford/243.htm,"['gnat', 'lion']"
244,the priest and the lion,http://mythfolklore.net/aesopica/oxford/244.htm,"['priest', 'lion']"
245,the lion and the mouse on his mane,http://mythfolklore.net/aesopica/oxford/245.htm,"['lion', 'mouse', 'mane']"
246,the lion and the archer,http://mythfolklore.net/aesopica/oxford/246.htm,"['lion', 'archer']"
247,the lion and the elephant,http://mythfolklore.net/aesopica/oxford/247.htm,"['lion', 'elephant']"
248,the hares and the frogs,http://mythfolklore.net/aesopica/oxford/248.htm,"['hare', 'frog']"
249,the deer and his mother,http://mythfolklore.net/aesopica/oxford/249.htm,"['deer', 'mother']"
250,"the mice, the cat and the bell",http://mythfolklore.net/aesopica/oxford/250.htm,"['mouse', 'cat', 'bell']"
251,the coward and the ravens,http://mythfolklore.net/aesopica/oxford/251.htm,"['coward', 'raven']"
252,the musician at home,http://mythfolklore.net/aesopica/oxford/252.htm,"['musician', 'home']"
253,the beauty contest of the animals,http://mythfolklore.net/aesopica/oxford/253.htm,"['beauty', 'contest', 'animal']"
254,the young man and the prostitute,http://mythfolklore.net/aesopica/oxford/254.htm,"['man', 'prostitute']"
255,the fox and the grapes,http://mythfolklore.net/aesopica/oxford/255.htm,"['fox', 'grape']"
256,"the mouse, the fox and the grapes",http://mythfolklore.net/aesopica/oxford/256.htm,"['mouse', 'fox', 'grape']"
257,the hunter and the horseman,http://mythfolklore.net/aesopica/oxford/257.htm,"['hunter', 'horseman']"
258,the rivers and the sea,http://mythfolklore.net/aesopica/oxford/258.htm,"['river', 'sea']"
259,the mole and the frankincense,http://mythfolklore.net/aesopica/oxford/259.htm,"['mole', 'frankincense']"
260,the mole and the frankincense,http://mythfolklore.net/aesopica/oxford/260.htm,"['mole', 'frankincense']"
261,the mole and his mother,http://mythfolklore.net/aesopica/oxford/261.htm,"['mole', 'mother']"
262,the stag and his reflection,http://mythfolklore.net/aesopica/oxford/262.htm,"['stag', 'reflection']"
263,"the dog, the meat and the reflection",http://mythfolklore.net/aesopica/oxford/263.htm,"['dog', 'meat', 'reflection']"
264,"the fox, the moon and the river",http://mythfolklore.net/aesopica/oxford/264.htm,"['fox', 'moon', 'river']"
265,the wolf and his shadow,http://mythfolklore.net/aesopica/oxford/265.htm,"['wolf', 'shadow']"
266,the goat and his reflection,http://mythfolklore.net/aesopica/oxford/266.htm,"['goat', 'reflection']"
267,the dog in winter and summer,http://mythfolklore.net/aesopica/oxford/267.htm,"['dog', 'winter', 'summer']"
268,the camel and the people,http://mythfolklore.net/aesopica/oxford/268.htm,"['camel', 'people']"
269,the fox and the lion,http://mythfolklore.net/aesopica/oxford/269.htm,"['fox', 'lion']"
270,the lion and the frog,http://mythfolklore.net/aesopica/oxford/270.htm,"['lion', 'frog']"
271,the bird catcher and the cricket,http://mythfolklore.net/aesopica/oxford/271.htm,"['bird', 'catcher', 'cricket']"
272,the man and the insect,http://mythfolklore.net/aesopica/oxford/272.htm,"['man', 'insect']"
273,the raven and the traveller,http://mythfolklore.net/aesopica/oxford/273.htm,"['raven', 'traveller']"
274,the young man and the swallow,http://mythfolklore.net/aesopica/oxford/274.htm,"['man', 'swallow']"
275,the shepherd and the sea,http://mythfolklore.net/aesopica/oxford/275.htm,"['man', 'sea']"
276,the farmer and the sea,http://mythfolklore.net/aesopica/oxford/276.htm,"['man', 'sea']"
277,the stake and the wall,http://mythfolklore.net/aesopica/oxford/277.htm,"['stake', 'wall']"
278,the donkey who carried the god,http://mythfolklore.net/aesopica/oxford/278.htm,"['donkey', 'who', 'carried', 'god']"
279,the piece of driftwood,http://mythfolklore.net/aesopica/oxford/279.htm,"['piece', 'driftwood']"
280,the mountain in labour,http://mythfolklore.net/aesopica/oxford/280.htm,"['mountain', 'labour']"
281,the jackdaw and the figs,http://mythfolklore.net/aesopica/oxford/281.htm,"['jackdaw', 'fig']"
282,the wolf and the nurse,http://mythfolklore.net/aesopica/oxford/282.htm,"['wolf', 'nurse']"
283,the wolf and the nurse,http://mythfolklore.net/aesopica/oxford/283.htm,"['wolf', 'nurse']"
284,the swan and his owner,http://mythfolklore.net/aesopica/oxford/284.htm,"['swan', 'owner']"
285,the kite and the partridges,http://mythfolklore.net/aesopica/oxford/285.htm,"['kite', 'partridge']"
286,"the lion, the hare and the deer",http://mythfolklore.net/aesopica/oxford/286.htm,"['lion', 'hare', 'deer']"
287,the fisherman and the fish,http://mythfolklore.net/aesopica/oxford/287.htm,"['fisherman', 'fish']"
288,the bat and the songbird,http://mythfolklore.net/aesopica/oxford/288.htm,"['bat', 'songbird']"
289,the drowning boy,http://mythfolklore.net/aesopica/oxford/289.htm,"['drowning', 'boy']"
290,the fisherman and his pipe,http://mythfolklore.net/aesopica/oxford/290.htm,"['fisherman', 'pipe']"
291,the farmers boy and the snails,http://mythfolklore.net/aesopica/oxford/291.htm,"['farmer', 'boy', 'snail']"
292,the farmer and his dogs,http://mythfolklore.net/aesopica/oxford/292.htm,"['man', 'dog']"
293,the crested lark and the farmer,http://mythfolklore.net/aesopica/oxford/293.htm,"['crested', 'lark', 'man']"
294,the farmer and the cranes,http://mythfolklore.net/aesopica/oxford/294.htm,"['man', 'crane']"
295,the farmer and the birds,http://mythfolklore.net/aesopica/oxford/295.htm,"['man', 'bird']"
296,the crane and the crow,http://mythfolklore.net/aesopica/oxford/296.htm,"['crane', 'crow']"
297,"the birds, the bird catcher and his tears",http://mythfolklore.net/aesopica/oxford/297.htm,"['bird', 'bird', 'catcher', 'tear']"
298,the mice and the weasel,http://mythfolklore.net/aesopica/oxford/298.htm,"['mouse', 'weasel']"
299,the chickens and the cat,http://mythfolklore.net/aesopica/oxford/299.htm,"['chicken', 'cat']"
300,the birds and the cuckoo,http://mythfolklore.net/aesopica/oxford/300.htm,"['bird', 'cuckoo']"
301,"the she-goat, the kid and the wolf",http://mythfolklore.net/aesopica/oxford/301.htm,"['she-goat', 'kid', 'wolf']"
302,the boy and the scorpion,http://mythfolklore.net/aesopica/oxford/302.htm,"['boy', 'scorpion']"
303,the goose and the swan,http://mythfolklore.net/aesopica/oxford/303.htm,"['goose', 'swan']"
304,the weasel and the file,http://mythfolklore.net/aesopica/oxford/304.htm,"['weasel', 'file']"
305,the viper and the file,http://mythfolklore.net/aesopica/oxford/305.htm,"['viper', 'file']"
306,the fox and the bramble,http://mythfolklore.net/aesopica/oxford/306.htm,"['fox', 'bramble']"
307,the man and the new donkey,http://mythfolklore.net/aesopica/oxford/307.htm,"['man', 'new', 'donkey']"
308,the fox and the frog,http://mythfolklore.net/aesopica/oxford/308.htm,"['fox', 'frog']"
309,the wolf and the donkey,http://mythfolklore.net/aesopica/oxford/309.htm,"['wolf', 'donkey']"
310,the cat and the hen,http://mythfolklore.net/aesopica/oxford/310.htm,"['cat', 'hen']"
311,the sow and the wolf,http://mythfolklore.net/aesopica/oxford/311.htm,"['sow', 'wolf']"
312,the wolf and the lame donkey,http://mythfolklore.net/aesopica/oxford/312.htm,"['wolf', 'lame', 'donkey']"
313,the lion and the horse,http://mythfolklore.net/aesopica/oxford/313.htm,"['lion', 'horse']"
314,the astronomer and the thracian woman,http://mythfolklore.net/aesopica/oxford/314.htm,"['astronomer', 'thracian', 'woman']"
315,the witch on trial,http://mythfolklore.net/aesopica/oxford/315.htm,"['witch', 'trial']"
316,the soothsayer and the theft,http://mythfolklore.net/aesopica/oxford/316.htm,"['soothsayer', 'theft']"
317,aesop and the soothsayers,http://mythfolklore.net/aesopica/oxford/317.htm,"['aesop', 'soothsayer']"
318,the merchant and the ravens,http://mythfolklore.net/aesopica/oxford/318.htm,"['merchant', 'raven']"
319,the travellers and the crow,http://mythfolklore.net/aesopica/oxford/319.htm,"['traveller', 'crow']"
320,the crow and athena,http://mythfolklore.net/aesopica/oxford/320.htm,"['crow', 'athena']"
321,the wolf in sheep’s clothing,http://mythfolklore.net/aesopica/oxford/321.htm,"['wolf', 'sheep', 'clothing']"
322,"the fox, the donkey and the lion skin",http://mythfolklore.net/aesopica/oxford/322.htm,"['fox', 'donkey', 'lion', 'skin']"
323,"the farmers, the donkey and the lion skin",http://mythfolklore.net/aesopica/oxford/323.htm,"['farmer', 'donkey', 'lion', 'skin']"
324,the monkey and the dolphin,http://mythfolklore.net/aesopica/oxford/324.htm,"['monkey', 'dolphin']"
325,the jackdaw and the doves,http://mythfolklore.net/aesopica/oxford/325.htm,"['jackdaw', 'dove']"
326,the jackdaw and the peacocks,http://mythfolklore.net/aesopica/oxford/326.htm,"['jackdaw', 'peacock']"
327,the jackdaw and the ravens,http://mythfolklore.net/aesopica/oxford/327.htm,"['jackdaw', 'raven']"
328,"the crow, the eagle and the feathers",http://mythfolklore.net/aesopica/oxford/328.htm,"['crow', 'eagle', 'feather']"
329,the beauty contest of the birds,http://mythfolklore.net/aesopica/oxford/329.htm,"['beauty', 'contest', 'bird']"
330,"the fox, the wolf and the lions",http://mythfolklore.net/aesopica/oxford/330.htm,"['fox', 'wolf', 'lion']"
331,the eagle and the tortoise in the air,http://mythfolklore.net/aesopica/oxford/331.htm,"['eagle', 'tortoise', 'air']"
332,the beetle in the air,http://mythfolklore.net/aesopica/oxford/332.htm,"['beetle', 'air']"
333,the crab on dry land,http://mythfolklore.net/aesopica/oxford/333.htm,"['crab', 'dry', 'land']"
334,the seagull and the kite,http://mythfolklore.net/aesopica/oxford/334.htm,"['seagull', 'kite']"
335,the raven and the swan,http://mythfolklore.net/aesopica/oxford/335.htm,"['raven', 'swan']"
336,the stag among the cattle,http://mythfolklore.net/aesopica/oxford/336.htm,"['stag', 'among', 'cattle']"
337,the monkey and the fishing net,http://mythfolklore.net/aesopica/oxford/337.htm,"['monkey', 'fishing', 'net']"
338,the donkey and the pet dog,http://mythfolklore.net/aesopica/oxford/338.htm,"['donkey', 'pet', 'dog']"
339,the donkey on the roof,http://mythfolklore.net/aesopica/oxford/339.htm,"['donkey', 'roof']"
340,the donkey and the cricket,http://mythfolklore.net/aesopica/oxford/340.htm,"['donkey', 'cricket']"
341,the jackdaw and the eagle,http://mythfolklore.net/aesopica/oxford/341.htm,"['jackdaw', 'eagle']"
342,the jackdaw and the eagle,http://mythfolklore.net/aesopica/oxford/342.htm,"['jackdaw', 'eagle']"
343,the fox and the lion hunting,http://mythfolklore.net/aesopica/oxford/343.htm,"['fox', 'lion', 'hunting']"
344,the chariot-driver,http://mythfolklore.net/aesopica/oxford/344.htm,['chariot-driver']
345,the eyes and the honey,http://mythfolklore.net/aesopica/oxford/345.htm,"['eye', 'honey']"
346,the snake and his tail,http://mythfolklore.net/aesopica/oxford/346.htm,"['snake', 'tail']"
347,the lizard and the snake,http://mythfolklore.net/aesopica/oxford/347.htm,"['lizard', 'snake']"
348,the earthworm and the snake,http://mythfolklore.net/aesopica/oxford/348.htm,"['earthworm', 'snake']"
349,the frog and the ox,http://mythfolklore.net/aesopica/oxford/349.htm,"['frog', 'ox']"
350,aphrodite and the weasel,http://mythfolklore.net/aesopica/oxford/350.htm,"['aphrodite', 'weasel']"
351,jupiter and the fox,http://mythfolklore.net/aesopica/oxford/351.htm,"['jupiter', 'fox']"
352,the monkeys and the pyrrhic dance,http://mythfolklore.net/aesopica/oxford/352.htm,"['monkey', 'pyrrhic', 'dance']"
353,the camel and the pyrrhic dance,http://mythfolklore.net/aesopica/oxford/353.htm,"['camel', 'pyrrhic', 'dance']"
354,the monkey and the camel,http://mythfolklore.net/aesopica/oxford/354.htm,"['monkey', 'camel']"
355,the lion and the farmer’s daughter,http://mythfolklore.net/aesopica/oxford/355.htm,"['lion', 'man', 'daughter']"
356,"the kid, the wolf and the flute",http://mythfolklore.net/aesopica/oxford/356.htm,"['kid', 'wolf', 'flute']"
357,"the farmer, the wolf and the plow",http://mythfolklore.net/aesopica/oxford/357.htm,"['man', 'wolf', 'plow']"
358,the wolves and the harvesters,http://mythfolklore.net/aesopica/oxford/358.htm,"['wolf', 'harvester']"
359,"the raven, the stork and his beak",http://mythfolklore.net/aesopica/oxford/359.htm,"['raven', 'stork', 'beak']"
360,the magpie and her tail,http://mythfolklore.net/aesopica/oxford/360.htm,"['magpie', 'tail']"
361,the black man in the river,http://mythfolklore.net/aesopica/oxford/361.htm,"['black', 'man', 'river']"
362,the ostrich,http://mythfolklore.net/aesopica/oxford/362.htm,['ostrich']
363,the war between the beasts and the birds,http://mythfolklore.net/aesopica/oxford/363.htm,"['war', 'between', 'beast', 'bird']"
364,the bat and the weasels,http://mythfolklore.net/aesopica/oxford/364.htm,"['bat', 'weasel']"
365,the fox and the hyena,http://mythfolklore.net/aesopica/oxford/365.htm,"['fox', 'hyena']"
366,the two hyenas,http://mythfolklore.net/aesopica/oxford/366.htm,['hyena']
367,the eunuch and the fortune-teller,http://mythfolklore.net/aesopica/oxford/367.htm,"['eunuch', 'fortune-teller']"
368,the satyr and his guest,http://mythfolklore.net/aesopica/oxford/368.htm,"['satyr', 'guest']"
369,the crab and his mother,http://mythfolklore.net/aesopica/oxford/369.htm,"['crab', 'mother']"
370,the kite and his mother,http://mythfolklore.net/aesopica/oxford/370.htm,"['kite', 'mother']"
371,the donkey and the wolves,http://mythfolklore.net/aesopica/oxford/371.htm,"['donkey', 'wolf']"
372,the hunter and the wolf,http://mythfolklore.net/aesopica/oxford/372.htm,"['hunter', 'wolf']"
373,"the fox, the lamb and the dog",http://mythfolklore.net/aesopica/oxford/373.htm,"['fox', 'lamb', 'dog']"
374,the dog and the hare,http://mythfolklore.net/aesopica/oxford/374.htm,"['dog', 'hare']"
375,the bear and the fox,http://mythfolklore.net/aesopica/oxford/375.htm,"['bear', 'fox']"
376,the lioness and the wild boar,http://mythfolklore.net/aesopica/oxford/376.htm,"['lioness', 'wild', 'boar']"
377,the donkey and the frogs,http://mythfolklore.net/aesopica/oxford/377.htm,"['donkey', 'frog']"
378,the man and the weasel,http://mythfolklore.net/aesopica/oxford/378.htm,"['man', 'weasel']"
379,"the farmer, the cattle and the manure",http://mythfolklore.net/aesopica/oxford/379.htm,"['man', 'cattle', 'manure']"
380,the dog and the blacksmiths,http://mythfolklore.net/aesopica/oxford/380.htm,"['dog', 'blacksmith']"
381,"the shepherd, the dog and the sick sheep",http://mythfolklore.net/aesopica/oxford/381.htm,"['man', 'dog', 'sick', 'sheep']"
382,the cook and the dog,http://mythfolklore.net/aesopica/oxford/382.htm,"['cook', 'dog']"
383,the foxes at the river,http://mythfolklore.net/aesopica/oxford/383.htm,"['fox', 'river']"
384,demetrius and menander,http://mythfolklore.net/aesopica/oxford/384.htm,"['demetrius', 'menander']"
385,the horse and his groom,http://mythfolklore.net/aesopica/oxford/385.htm,"['horse', 'groom']"
386,the widow and her sheep,http://mythfolklore.net/aesopica/oxford/386.htm,"['widow', 'sheep']"
387,the hare and the cowherd,http://mythfolklore.net/aesopica/oxford/387.htm,"['hare', 'cowherd']"
388,the old dog and his master,http://mythfolklore.net/aesopica/oxford/388.htm,"['dog', 'master']"
389,the goatherd and the goat,http://mythfolklore.net/aesopica/oxford/389.htm,"['goatherd', 'goat']"
390,the wolf and the raven,http://mythfolklore.net/aesopica/oxford/390.htm,"['wolf', 'raven']"
391,"the wolf, the raven and the ram",http://mythfolklore.net/aesopica/oxford/391.htm,"['wolf', 'raven', 'ram']"
392,"the shepherds, the lamb and the wolf",http://mythfolklore.net/aesopica/oxford/392.htm,"['shepherd', 'lamb', 'wolf']"
393,the dog and her master,http://mythfolklore.net/aesopica/oxford/393.htm,"['dog', 'master']"
394,aesop and his ugly mistress,http://mythfolklore.net/aesopica/oxford/394.htm,"['aesop', 'ugly', 'mistress']"
395,the daughter and the hired mourners,http://mythfolklore.net/aesopica/oxford/395.htm,"['daughter', 'hired', 'mourner']"
396,"the dog, the hare and the goatherd",http://mythfolklore.net/aesopica/oxford/396.htm,"['dog', 'hare', 'goatherd']"
397,"the sheep, the goat and the sow",http://mythfolklore.net/aesopica/oxford/397.htm,"['sheep', 'goat', 'sow']"
398,the foxes and their tails,http://mythfolklore.net/aesopica/oxford/398.htm,"['fox', 'tail']"
399,"the wolf, the horse and the barley",http://mythfolklore.net/aesopica/oxford/399.htm,"['wolf', 'horse', 'barley']"
400,"the donkey, the dog and the letter",http://mythfolklore.net/aesopica/oxford/400.htm,"['donkey', 'dog', 'letter']"
401,the bees and the beetles,http://mythfolklore.net/aesopica/oxford/401.htm,"['bee', 'beetle']"
402,the pig and the wolf,http://mythfolklore.net/aesopica/oxford/402.htm,"['pig', 'wolf']"
403,the rooster and the pearl,http://mythfolklore.net/aesopica/oxford/403.htm,"['rooster', 'pearl']"
404,the donkey and the lyre,http://mythfolklore.net/aesopica/oxford/404.htm,"['donkey', 'lyre']"
405,the dog and the treasure,http://mythfolklore.net/aesopica/oxford/405.htm,"['dog', 'treasure']"
406,the fox and the dragon,http://mythfolklore.net/aesopica/oxford/406.htm,"['fox', 'dragon']"
407,the man and his gold,http://mythfolklore.net/aesopica/oxford/407.htm,"['man', 'gold']"
408,the city mouse and the country mouse,http://mythfolklore.net/aesopica/oxford/408.htm,"['city', 'mouse', 'country', 'mouse']"
409,the circus dog and the street dogs,http://mythfolklore.net/aesopica/oxford/409.htm,"['circus', 'dog', 'street', 'dog']"
410,"the donkey, the horse and the war",http://mythfolklore.net/aesopica/oxford/410.htm,"['donkey', 'horse', 'war']"
411,the two mules,http://mythfolklore.net/aesopica/oxford/411.htm,['mule']
412,simonides and the shipwreck,http://mythfolklore.net/aesopica/oxford/412.htm,"['simonides', 'shipwreck']"
413,hercules and plutus,http://mythfolklore.net/aesopica/oxford/413.htm,"['hercules', 'plutus']"
414,"the pig, the donkey and the barley",http://mythfolklore.net/aesopica/oxford/414.htm,"['pig', 'donkey', 'barley']"
415,the soldier and his horse,http://mythfolklore.net/aesopica/oxford/415.htm,"['soldier', 'horse']"
416,the race horse in the mill,http://mythfolklore.net/aesopica/oxford/416.htm,"['race', 'horse', 'mill']"
417,the horse and the miller,http://mythfolklore.net/aesopica/oxford/417.htm,"['horse', 'miller']"
418,the donkey and the horse,http://mythfolklore.net/aesopica/oxford/418.htm,"['donkey', 'horse']"
419,the fishermen and the stone,http://mythfolklore.net/aesopica/oxford/419.htm,"['fisherman', 'stone']"
420,the fishermen and the tuna fish,http://mythfolklore.net/aesopica/oxford/420.htm,"['fisherman', 'tuna', 'fish']"
421,the ship in a storm,http://mythfolklore.net/aesopica/oxford/421.htm,"['ship', 'storm']"
422,the old lion and the donkey,http://mythfolklore.net/aesopica/oxford/422.htm,"['lion', 'donkey']"
423,the old man and his donkeys,http://mythfolklore.net/aesopica/oxford/423.htm,"['man', 'donkey']"
424,the blacksmiths and the mouse,http://mythfolklore.net/aesopica/oxford/424.htm,"['blacksmith', 'mouse']"
425,the mouse in the pot,http://mythfolklore.net/aesopica/oxford/425.htm,"['mouse', 'pot']"
426,the sparrow and the myrtle berries,http://mythfolklore.net/aesopica/oxford/426.htm,"['sparrow', 'myrtle', 'berry']"
427,the flies and the honey,http://mythfolklore.net/aesopica/oxford/427.htm,"['fly', 'honey']"
428,the lark in the snare,http://mythfolklore.net/aesopica/oxford/428.htm,"['lark', 'snare']"
429,the mouse and the oyster,http://mythfolklore.net/aesopica/oxford/429.htm,"['mouse', 'oyster']"
430,the dog and the shellfish,http://mythfolklore.net/aesopica/oxford/430.htm,"['dog', 'shellfish']"
431,the pigeon and the painting,http://mythfolklore.net/aesopica/oxford/431.htm,"['pigeon', 'painting']"
432,the maids and the rooster,http://mythfolklore.net/aesopica/oxford/432.htm,"['maid', 'rooster']"
433,the widow and her hen,http://mythfolklore.net/aesopica/oxford/433.htm,"['widow', 'hen']"
434,the man and the golden eggs,http://mythfolklore.net/aesopica/oxford/434.htm,"['man', 'golden', 'egg']"
435,the man and the cat,http://mythfolklore.net/aesopica/oxford/435.htm,"['man', 'cat']"
436,the frogs and the sun,http://mythfolklore.net/aesopica/oxford/436.htm,"['frog', 'sun']"
437,the farmer and the fox,http://mythfolklore.net/aesopica/oxford/437.htm,"['man', 'fox']"
438,the lion and the farmer,http://mythfolklore.net/aesopica/oxford/438.htm,"['lion', 'man']"
439,the goatherd and the wild goats,http://mythfolklore.net/aesopica/oxford/439.htm,"['goatherd', 'wild', 'goat']"
440,the farmer and the frozen viper,http://mythfolklore.net/aesopica/oxford/440.htm,"['man', 'frozen', 'viper']"
441,the hen and the eggs,http://mythfolklore.net/aesopica/oxford/441.htm,"['hen', 'egg']"
442,the wolves and the hides,http://mythfolklore.net/aesopica/oxford/442.htm,"['wolf', 'hide']"
443,the fox and the weasel,http://mythfolklore.net/aesopica/oxford/443.htm,"['fox', 'weasel']"
444,the fox and the hare in the well,http://mythfolklore.net/aesopica/oxford/444.htm,"['fox', 'hare', 'well']"
445,the two frogs at the well,http://mythfolklore.net/aesopica/oxford/445.htm,"['frog', 'well']"
446,the oxen and the butcher,http://mythfolklore.net/aesopica/oxford/446.htm,"['ox', 'butcher']"
447,the monkeys and the city,http://mythfolklore.net/aesopica/oxford/447.htm,"['monkey', 'city']"
448,the monkey and the nut,http://mythfolklore.net/aesopica/oxford/448.htm,"['monkey', 'nut']"
449,"the fox, the boar and his tusks",http://mythfolklore.net/aesopica/oxford/449.htm,"['fox', 'boar', 'tusk']"
450,the bear and the crabs,http://mythfolklore.net/aesopica/oxford/450.htm,"['bear', 'crab']"
451,the beaver and his testicles,http://mythfolklore.net/aesopica/oxford/451.htm,"['beaver', 'testicle']"
452,the lizard and the snake,http://mythfolklore.net/aesopica/oxford/452.htm,"['lizard', 'snake']"
453,the crow and the water jar,http://mythfolklore.net/aesopica/oxford/453.htm,"['crow', 'water', 'jar']"
454,the two roosters and the eagle,http://mythfolklore.net/aesopica/oxford/454.htm,"['rooster', 'eagle']"
455,the mice and the weasels,http://mythfolklore.net/aesopica/oxford/455.htm,"['mouse', 'weasel']"
456,the halcyon and the sea,http://mythfolklore.net/aesopica/oxford/456.htm,"['halcyon', 'sea']"
457,the hunters and the deer with one eye,http://mythfolklore.net/aesopica/oxford/457.htm,"['hunter', 'deer', 'eye']"
458,the runaway slave in the mill,http://mythfolklore.net/aesopica/oxford/458.htm,"['runaway', 'slave', 'mill']"
459,the deer and the lion,http://mythfolklore.net/aesopica/oxford/459.htm,"['deer', 'lion']"
460,the raven and the snake,http://mythfolklore.net/aesopica/oxford/460.htm,"['raven', 'snake']"
461,the hunter and the fisherman,http://mythfolklore.net/aesopica/oxford/461.htm,"['hunter', 'fisherman']"
462,mercury and the two women,http://mythfolklore.net/aesopica/oxford/462.htm,"['mercury', 'woman']"
463,the man and the tree without fruit,http://mythfolklore.net/aesopica/oxford/463.htm,"['man', 'tree', 'without', 'fruit']"
464,the statue of hermes and the treasure,http://mythfolklore.net/aesopica/oxford/464.htm,"['statue', 'hermes', 'treasure']"
465,the cyclops and his treasure,http://mythfolklore.net/aesopica/oxford/465.htm,"['cyclops', 'treasure']"
466,"the father, the son and the lion",http://mythfolklore.net/aesopica/oxford/466.htm,"['father', 'son', 'lion']"
467,"the mother, the child and the crow",http://mythfolklore.net/aesopica/oxford/467.htm,"['mother', 'child', 'crow']"
468,the bride and the two grooms,http://mythfolklore.net/aesopica/oxford/468.htm,"['bride', 'groom']"
469,the farmer and the goddess fortune,http://mythfolklore.net/aesopica/oxford/469.htm,"['man', 'goddess', 'fortune']"
470,"the goddess fortune and the man by the 
      well",http://mythfolklore.net/aesopica/oxford/470.htm,"['goddess', 'fortune', 'man', 'well']"
471,the man and the hero,http://mythfolklore.net/aesopica/oxford/471.htm,"['man', 'hero']"
472,the man and the oracle,http://mythfolklore.net/aesopica/oxford/472.htm,"['man', 'oracle']"
473,the farmer and his mattock,http://mythfolklore.net/aesopica/oxford/473.htm,"['man', 'mattock']"
474,"the man, hermes and the axes",http://mythfolklore.net/aesopica/oxford/474.htm,"['man', 'hermes', 'ax']"
475,hermes and tiresias,http://mythfolklore.net/aesopica/oxford/475.htm,"['hermes', 'tiresias']"
476,the traveller and hermes,http://mythfolklore.net/aesopica/oxford/476.htm,"['traveller', 'hermes']"
477,the sick man and the gods,http://mythfolklore.net/aesopica/oxford/477.htm,"['sick', 'man', 'god']"
478,the sick man and his wife,http://mythfolklore.net/aesopica/oxford/478.htm,"['sick', 'man', 'wife']"
479,the raven and hermes,http://mythfolklore.net/aesopica/oxford/479.htm,"['raven', 'hermes']"
480,the shipwrecked man and athena,http://mythfolklore.net/aesopica/oxford/480.htm,"['shipwrecked', 'man', 'athena']"
481,heracles and the driver,http://mythfolklore.net/aesopica/oxford/481.htm,"['heracles', 'driver']"
482,"the man, the flea and heracles",http://mythfolklore.net/aesopica/oxford/482.htm,"['man', 'flea', 'heracles']"
483,aphrodite and the slave-woman,http://mythfolklore.net/aesopica/oxford/483.htm,"['aphrodite', 'slave-woman']"
484,the poor man and death,http://mythfolklore.net/aesopica/oxford/484.htm,"['poor', 'man', 'death']"
485,the oracle of apollo,http://mythfolklore.net/aesopica/oxford/485.htm,"['oracle', 'apollo']"
486,the driver and the donkey on the cliff,http://mythfolklore.net/aesopica/oxford/486.htm,"['driver', 'donkey', 'cliff']"
487,the swallow and the other birds,http://mythfolklore.net/aesopica/oxford/487.htm,"['swallow', 'other', 'bird']"
488,the owl and the other birds,http://mythfolklore.net/aesopica/oxford/488.htm,"['owl', 'other', 'bird']"
489,the rooster and the cats,http://mythfolklore.net/aesopica/oxford/489.htm,"['rooster', 'cat']"
490,the two frogs by the road,http://mythfolklore.net/aesopica/oxford/490.htm,"['frog', 'road']"
491,the fox and the man counting the waves,http://mythfolklore.net/aesopica/oxford/491.htm,"['fox', 'man', 'counting', 'wave']"
492,the old bull and the young bull,http://mythfolklore.net/aesopica/oxford/492.htm,"['bull', 'bull']"
493,the old man and his sons,http://mythfolklore.net/aesopica/oxford/493.htm,"['man', 'son']"
494,the farmer and his sons,http://mythfolklore.net/aesopica/oxford/494.htm,"['man', 'son']"
495,the children and the mirror,http://mythfolklore.net/aesopica/oxford/495.htm,"['child', 'mirror']"
496,the thief and his mother,http://mythfolklore.net/aesopica/oxford/496.htm,"['thief', 'mother']"
497,the monkey and her two children,http://mythfolklore.net/aesopica/oxford/497.htm,"['monkey', 'child']"
498,the dog and the lamb among the goats,http://mythfolklore.net/aesopica/oxford/498.htm,"['dog', 'lamb', 'among', 'goat']"
499,the lark and her crest,http://mythfolklore.net/aesopica/oxford/499.htm,"['lark', 'crest']"
500,"the bat, the booby and the bramble bush",http://mythfolklore.net/aesopica/oxford/500.htm,"['bat', 'booby', 'bramble', 'bush']"
501,the vegetables and the weeds,http://mythfolklore.net/aesopica/oxford/501.htm,"['vegetable', 'weed']"
502,"the man, the horse, the ox and the dog",http://mythfolklore.net/aesopica/oxford/502.htm,"['man', 'horse', 'ox', 'dog']"
503,orpheus and the dogs,http://mythfolklore.net/aesopica/oxford/503.htm,"['orpheus', 'dog']"
504,the delphians and their ancestors,http://mythfolklore.net/aesopica/oxford/504.htm,"['delphians', 'ancestor']"
505,the swallow and the nightingale,http://mythfolklore.net/aesopica/oxford/505.htm,"['swallow', 'nightingale']"
506,the kites and the swans,http://mythfolklore.net/aesopica/oxford/506.htm,"['kite', 'swan']"
507,juno and the peacock,http://mythfolklore.net/aesopica/oxford/507.htm,"['juno', 'peacock']"
508,zeus and the tortoise,http://mythfolklore.net/aesopica/oxford/508.htm,"['zeus', 'tortoise']"
509,zeus and the bee,http://mythfolklore.net/aesopica/oxford/509.htm,"['zeus', 'bee']"
510,zeus and the camel,http://mythfolklore.net/aesopica/oxford/510.htm,"['zeus', 'camel']"
511,jupiter and the hare,http://mythfolklore.net/aesopica/oxford/511.htm,"['jupiter', 'hare']"
512,jupiter and the goats,http://mythfolklore.net/aesopica/oxford/512.htm,"['jupiter', 'goat']"
513,zeus and the ant,http://mythfolklore.net/aesopica/oxford/513.htm,"['zeus', 'ant']"
514,zeus and man,http://mythfolklore.net/aesopica/oxford/514.htm,"['zeus', 'man']"
515,zeus and prometheus,http://mythfolklore.net/aesopica/oxford/515.htm,"['zeus', 'prometheus']"
516,prometheus and the tears,http://mythfolklore.net/aesopica/oxford/516.htm,"['prometheus', 'tear']"
517,prometheus and bacchus,http://mythfolklore.net/aesopica/oxford/517.htm,"['prometheus', 'bacchus']"
518,momus and the gods,http://mythfolklore.net/aesopica/oxford/518.htm,"['momus', 'god']"
519,hermes and the cobblers,http://mythfolklore.net/aesopica/oxford/519.htm,"['hermes', 'cobbler']"
520,hermes and the dose of intelligence,http://mythfolklore.net/aesopica/oxford/520.htm,"['hermes', 'dose', 'intelligence']"
521,hermes and the arabs,http://mythfolklore.net/aesopica/oxford/521.htm,"['hermes', 'arab']"
522,hermes and the earth,http://mythfolklore.net/aesopica/oxford/522.htm,"['hermes', 'earth']"
523,the thief and the lamp,http://mythfolklore.net/aesopica/oxford/523.htm,"['thief', 'lamp']"
524,zeus and the shards,http://mythfolklore.net/aesopica/oxford/524.htm,"['zeus', 'shard']"
525,zeus and the good things,http://mythfolklore.net/aesopica/oxford/525.htm,"['zeus', 'good', 'thing']"
526,zeus and the jar of good things,http://mythfolklore.net/aesopica/oxford/526.htm,"['zeus', 'jar', 'good', 'thing']"
527,jupiter and the two sacks,http://mythfolklore.net/aesopica/oxford/527.htm,"['jupiter', 'sack']"
528,zeus and shame,http://mythfolklore.net/aesopica/oxford/528.htm,"['zeus', 'shame']"
529,true dreams and false dreams,http://mythfolklore.net/aesopica/oxford/529.htm,"['true', 'dream', 'false', 'dream']"
530,prometheus and truth,http://mythfolklore.net/aesopica/oxford/530.htm,"['prometheus', 'truth']"
531,truth in the wilderness,http://mythfolklore.net/aesopica/oxford/531.htm,"['truth', 'wilderness']"
532,pleasure and pain,http://mythfolklore.net/aesopica/oxford/532.htm,"['pleasure', 'pain']"
533,war and his bride,http://mythfolklore.net/aesopica/oxford/533.htm,"['war', 'bride']"
534,heracles and athena,http://mythfolklore.net/aesopica/oxford/534.htm,"['heracles', 'athena']"
535,prometheus and the two roads,http://mythfolklore.net/aesopica/oxford/535.htm,"['prometheus', 'road']"
536,opportunity,http://mythfolklore.net/aesopica/oxford/536.htm,['opportunity']
537,aesop and the bow,http://mythfolklore.net/aesopica/oxford/537.htm,"['aesop', 'bow']"
538,the woman in labour,http://mythfolklore.net/aesopica/oxford/538.htm,"['woman', 'labour']"
539,the boy and the tripe,http://mythfolklore.net/aesopica/oxford/539.htm,"['boy', 'tripe']"
540,the boys and the butcher,http://mythfolklore.net/aesopica/oxford/540.htm,"['boy', 'butcher']"
541,socrates and the slave,http://mythfolklore.net/aesopica/oxford/541.htm,"['socrates', 'slave']"
542,the charcoal burner and the fuller,http://mythfolklore.net/aesopica/oxford/542.htm,"['charcoal', 'burner', 'fuller']"
543,the rich man and the tanner,http://mythfolklore.net/aesopica/oxford/543.htm,"['rich', 'man', 'tanner']"
544,the rich man and the tanner,http://mythfolklore.net/aesopica/oxford/544.htm,"['rich', 'man', 'tanner']"
545,the fisherman and the octopus,http://mythfolklore.net/aesopica/oxford/545.htm,"['fisherman', 'octopus']"
546,the fisherman and the river,http://mythfolklore.net/aesopica/oxford/546.htm,"['fisherman', 'river']"
547,the coward and the lion of gold,http://mythfolklore.net/aesopica/oxford/547.htm,"['coward', 'lion', 'gold']"
548,the woman and her two daughters,http://mythfolklore.net/aesopica/oxford/548.htm,"['woman', 'daughter']"
549,the mother and her three daughters,http://mythfolklore.net/aesopica/oxford/549.htm,"['mother', 'three', 'daughter']"
550,the fox and the mask,http://mythfolklore.net/aesopica/oxford/550.htm,"['fox', 'mask']"
551,the monkey and the butcher,http://mythfolklore.net/aesopica/oxford/551.htm,"['monkey', 'butcher']"
552,the snake and the thorn bush,http://mythfolklore.net/aesopica/oxford/552.htm,"['snake', 'thorn', 'bush']"
553,the donkey and the thorns,http://mythfolklore.net/aesopica/oxford/553.htm,"['donkey', 'thorn']"
554,the snail and the mirror,http://mythfolklore.net/aesopica/oxford/554.htm,"['snail', 'mirror']"
555,aesop and his lamp,http://mythfolklore.net/aesopica/oxford/555.htm,"['aesop', 'lamp']"
556,aesop and the writer,http://mythfolklore.net/aesopica/oxford/556.htm,"['aesop', 'writer']"
557,aesop and the shipbuilders,http://mythfolklore.net/aesopica/oxford/557.htm,"['aesop', 'shipbuilder']"
558,the woman and her drunken husband,http://mythfolklore.net/aesopica/oxford/558.htm,"['woman', 'drunken', 'husband']"
559,"the man, the pig and the miracle",http://mythfolklore.net/aesopica/oxford/559.htm,"['man', 'pig', 'miracle']"
560,the arab and his camel,http://mythfolklore.net/aesopica/oxford/560.htm,"['arab', 'camel']"
561,the man and the statue of hermes,http://mythfolklore.net/aesopica/oxford/561.htm,"['man', 'statue', 'hermes']"
562,hermes and the statues,http://mythfolklore.net/aesopica/oxford/562.htm,"['hermes', 'statue']"
563,"hermes, the sculptor and his dream",http://mythfolklore.net/aesopica/oxford/563.htm,"['hermes', 'sculptor', 'dream']"
564,hermes and the dog,http://mythfolklore.net/aesopica/oxford/564.htm,"['hermes', 'dog']"
565,the camel in the river,http://mythfolklore.net/aesopica/oxford/565.htm,"['camel', 'river']"
566,the dog and the reeds,http://mythfolklore.net/aesopica/oxford/566.htm,"['dog', 'reed']"
567,the king’s son and his guts,http://mythfolklore.net/aesopica/oxford/567.htm,"['king', 'son', 'gut']"
568,zeus and the donkeys,http://mythfolklore.net/aesopica/oxford/568.htm,"['zeus', 'donkey']"
569,jupiter and the dogs,http://mythfolklore.net/aesopica/oxford/569.htm,"['jupiter', 'dog']"
570,the man and his ill-tempered wife,http://mythfolklore.net/aesopica/oxford/570.htm,"['man', 'ill-tempered', 'wife']"
571,aesop and the bitch,http://mythfolklore.net/aesopica/oxford/571.htm,"['aesop', 'bitch']"
572,the old woman and the wine jar,http://mythfolklore.net/aesopica/oxford/572.htm,"['woman', 'wine', 'jar']"
573,venus and the hen,http://mythfolklore.net/aesopica/oxford/573.htm,"['venus', 'hen']"
574,"the man, his wife and the boy outside",http://mythfolklore.net/aesopica/oxford/574.htm,"['man', 'wife', 'boy', 'outside']"
575,the mother and her foolish daughter,http://mythfolklore.net/aesopica/oxford/575.htm,"['mother', 'foolish', 'daughter']"
576,the man and the old woman,http://mythfolklore.net/aesopica/oxford/576.htm,"['man', 'woman']"
577,the widow and her lover,http://mythfolklore.net/aesopica/oxford/577.htm,"['widow', 'lover']"
578,the plowman and the widow,http://mythfolklore.net/aesopica/oxford/578.htm,"['plowman', 'widow']"
579,the bald horseman,http://mythfolklore.net/aesopica/oxford/579.htm,"['bald', 'horseman']"
580,diogenes and the bald man,http://mythfolklore.net/aesopica/oxford/580.htm,"['diogenes', 'bald', 'man']"
581,the bald men and the comb,http://mythfolklore.net/aesopica/oxford/581.htm,"['bald', 'men', 'comb']"
582,the bald man and the fly,http://mythfolklore.net/aesopica/oxford/582.htm,"['bald', 'man', 'fly']"
583,the bald man and the gardener,http://mythfolklore.net/aesopica/oxford/583.htm,"['bald', 'man', 'gardener']"
584,the bald man and his two mistresses,http://mythfolklore.net/aesopica/oxford/584.htm,"['bald', 'man', 'mistress']"
585,the patient and his symptoms,http://mythfolklore.net/aesopica/oxford/585.htm,"['patient', 'symptom']"
586,the doctor at the funeral,http://mythfolklore.net/aesopica/oxford/586.htm,"['doctor', 'funeral']"
587,the doctor and his dead patient,http://mythfolklore.net/aesopica/oxford/587.htm,"['doctor', 'dead', 'patient']"
588,the cobbler and the king,http://mythfolklore.net/aesopica/oxford/588.htm,"['cobbler', 'king']"
589,the old woman and her doctor,http://mythfolklore.net/aesopica/oxford/589.htm,"['woman', 'doctor']"
590,pompey and his soldier,http://mythfolklore.net/aesopica/oxford/590.htm,"['pompey', 'soldier']"
591,the prince,http://mythfolklore.net/aesopica/oxford/591.htm,['prince']
592,"the clown, the farmer and the pig",http://mythfolklore.net/aesopica/oxford/592.htm,"['clown', 'man', 'pig']"
593,tiberius caesar and his attendant,http://mythfolklore.net/aesopica/oxford/593.htm,"['tiberius', 'caesar', 'attendant']"
594,augustus and the murder,http://mythfolklore.net/aesopica/oxford/594.htm,"['augustus', 'murder']"
595,the eunuch and his accuser,http://mythfolklore.net/aesopica/oxford/595.htm,"['eunuch', 'accuser']"
596,the hare and the fox,http://mythfolklore.net/aesopica/oxford/596.htm,"['hare', 'fox']"
597,the man and the sword,http://mythfolklore.net/aesopica/oxford/597.htm,"['man', 'sword']"
598,the butcher and the dog,http://mythfolklore.net/aesopica/oxford/598.htm,"['butcher', 'dog']"
599,the farmer and the pig,http://mythfolklore.net/aesopica/oxford/599.htm,"['man', 'pig']"
600,"the lion, the fox and the deer",http://mythfolklore.net/aesopica/oxford/600.htm,"['lion', 'fox', 'deer']"
